{
    "name": "root",
    "gauges": {
        "MoveToGoal.Policy.Entropy.mean": {
            "value": -2.060120105743408,
            "min": -2.060120105743408,
            "max": -1.5037368535995483,
            "count": 68
        },
        "MoveToGoal.Policy.Entropy.sum": {
            "value": -20568.240234375,
            "min": -20592.05078125,
            "max": -14863.3779296875,
            "count": 68
        },
        "MoveToGoal.Step.mean": {
            "value": 679944.0,
            "min": 9984.0,
            "max": 679944.0,
            "count": 68
        },
        "MoveToGoal.Step.sum": {
            "value": 679944.0,
            "min": 9984.0,
            "max": 679944.0,
            "count": 68
        },
        "MoveToGoal.Policy.ExtrinsicValueEstimate.mean": {
            "value": -0.16728776693344116,
            "min": -0.36549851298332214,
            "max": 0.418191522359848,
            "count": 68
        },
        "MoveToGoal.Policy.ExtrinsicValueEstimate.sum": {
            "value": -29.108070373535156,
            "min": -63.962242126464844,
            "max": 72.76532745361328,
            "count": 68
        },
        "MoveToGoal.Policy.GailValueEstimate.mean": {
            "value": 11.770978927612305,
            "min": 6.775143623352051,
            "max": 34.951263427734375,
            "count": 68
        },
        "MoveToGoal.Policy.GailValueEstimate.sum": {
            "value": 2048.150390625,
            "min": 1178.875,
            "max": 6081.51953125,
            "count": 68
        },
        "MoveToGoal.Losses.PolicyLoss.mean": {
            "value": 0.10146043660661234,
            "min": 0.09343665563610044,
            "max": 0.11518745821482904,
            "count": 68
        },
        "MoveToGoal.Losses.PolicyLoss.sum": {
            "value": 0.5073021830330617,
            "min": 0.3737466225444018,
            "max": 0.5661464689671144,
            "count": 68
        },
        "MoveToGoal.Losses.ValueLoss.mean": {
            "value": 5.419892286198835,
            "min": 1.7281923362532179,
            "max": 10.018736511965592,
            "count": 68
        },
        "MoveToGoal.Losses.ValueLoss.sum": {
            "value": 27.099461430994175,
            "min": 6.9127693450128715,
            "max": 50.09368255982796,
            "count": 68
        },
        "MoveToGoal.Policy.LearningRate.mean": {
            "value": 6.6282033718e-05,
            "min": 6.6282033718e-05,
            "max": 9.970480029519998e-05,
            "count": 68
        },
        "MoveToGoal.Policy.LearningRate.sum": {
            "value": 0.00033141016859,
            "min": 0.00026699853300159995,
            "max": 0.00048622401377600014,
            "count": 68
        },
        "MoveToGoal.Policy.Epsilon.mean": {
            "value": 0.166282,
            "min": 0.166282,
            "max": 0.19970480000000002,
            "count": 68
        },
        "MoveToGoal.Policy.Epsilon.sum": {
            "value": 0.8314100000000001,
            "min": 0.6669984,
            "max": 0.986224,
            "count": 68
        },
        "MoveToGoal.Policy.Beta.mean": {
            "value": 0.0005000000000000001,
            "min": 0.0005000000000000001,
            "max": 0.0005000000000000002,
            "count": 68
        },
        "MoveToGoal.Policy.Beta.sum": {
            "value": 0.0025000000000000005,
            "min": 0.0020000000000000005,
            "max": 0.0025000000000000014,
            "count": 68
        },
        "MoveToGoal.Policy.GAILPolicyEstimate.mean": {
            "value": 0.1545009061306094,
            "min": 0.12849461833927006,
            "max": 0.28599032835365534,
            "count": 68
        },
        "MoveToGoal.Policy.GAILPolicyEstimate.sum": {
            "value": 0.772504530653047,
            "min": 0.5139784733570802,
            "max": 1.338464731971423,
            "count": 68
        },
        "MoveToGoal.Policy.GAILExpertEstimate.mean": {
            "value": 0.8310058342913786,
            "min": 0.6223918482664976,
            "max": 0.8431785670391312,
            "count": 68
        },
        "MoveToGoal.Policy.GAILExpertEstimate.sum": {
            "value": 4.155029171456893,
            "min": 2.4895673930659905,
            "max": 4.155611752221982,
            "count": 68
        },
        "MoveToGoal.Losses.GAILLoss.mean": {
            "value": 0.4395078498870134,
            "min": 0.39031321314784384,
            "max": 0.9637809720997874,
            "count": 68
        },
        "MoveToGoal.Losses.GAILLoss.sum": {
            "value": 2.197539249435067,
            "min": 1.5612528525913754,
            "max": 3.8551238883991497,
            "count": 68
        },
        "MoveToGoal.Policy.GAILGradMagLoss.mean": {
            "value": 0.06270997795121122,
            "min": 0.06270997795121122,
            "max": 0.6373605727217159,
            "count": 68
        },
        "MoveToGoal.Policy.GAILGradMagLoss.sum": {
            "value": 0.31354988975605613,
            "min": 0.2561195957435605,
            "max": 2.5494422908868635,
            "count": 68
        },
        "MoveToGoal.Losses.PretrainingLoss.mean": {
            "value": 0.038191303202604984,
            "min": 0.038191303202604984,
            "max": 1.0857442612132282,
            "count": 68
        },
        "MoveToGoal.Losses.PretrainingLoss.sum": {
            "value": 0.19095651601302494,
            "min": 0.1552432045499061,
            "max": 4.342977044852913,
            "count": 68
        },
        "MoveToGoal.Environment.EpisodeLength.mean": {
            "value": 399.0,
            "min": 379.88461538461536,
            "max": 399.0,
            "count": 68
        },
        "MoveToGoal.Environment.EpisodeLength.sum": {
            "value": 9576.0,
            "min": 9318.0,
            "max": 11970.0,
            "count": 68
        },
        "MoveToGoal.Environment.CumulativeReward.mean": {
            "value": -1.1228334369758766,
            "min": -2.0000001415610313,
            "max": 0.25203841724074805,
            "count": 68
        },
        "MoveToGoal.Environment.CumulativeReward.sum": {
            "value": -26.948002487421036,
            "min": -48.00000339746475,
            "max": 6.552998848259449,
            "count": 68
        },
        "MoveToGoal.Policy.ExtrinsicReward.mean": {
            "value": -1.1228334369758766,
            "min": -2.0000001415610313,
            "max": 0.25203841724074805,
            "count": 68
        },
        "MoveToGoal.Policy.ExtrinsicReward.sum": {
            "value": -26.948002487421036,
            "min": -48.00000339746475,
            "max": 6.552998848259449,
            "count": 68
        },
        "MoveToGoal.Policy.GailReward.mean": {
            "value": 36.98915847224513,
            "min": 33.61530552546565,
            "max": 92.67694899688165,
            "count": 68
        },
        "MoveToGoal.Policy.GailReward.sum": {
            "value": 887.7398033338832,
            "min": 855.5177882881835,
            "max": 2224.2467759251595,
            "count": 68
        },
        "MoveToGoal.IsTraining.mean": {
            "value": 1.0,
            "min": 1.0,
            "max": 1.0,
            "count": 68
        },
        "MoveToGoal.IsTraining.sum": {
            "value": 1.0,
            "min": 1.0,
            "max": 1.0,
            "count": 68
        }
    },
    "metadata": {
        "timer_format_version": "0.1.0",
        "start_time_seconds": "1779628009",
        "python_version": "3.10.11 (tags/v3.10.11:7d4cc5a, Apr  5 2023, 00:38:17) [MSC v.1929 64 bit (AMD64)]",
        "command_line_arguments": "C:\\Unity Projects\\Outlaw Horizon\\venv\\Scripts\\mlagents-learn config/MoveToGoal.yaml --initialize-from=MoveAgent_24_05_2 --run-id=JumpAgent_24_05_2",
        "mlagents_version": "1.1.0",
        "mlagents_envs_version": "1.1.0",