{"count":1,"self":120.9634176,"total":306.3795657,"children":{"InitializeActuators":{"count":2,"self":0.0010306,"total":0.0010306,"children":null},"InitializeSensors":{"count":2,"self":0,"total":0,"children":null},"AgentSendState":{"count":177167,"self":0.34283939999999996,"total":0.95625609999999994,"children":{"CollectObservations":{"count":70868,"self":0.082694999999999991,"total":0.082694999999999991,"children":null},"WriteActionMask":{"count":70868,"self":0.037886699999999995,"total":0.037886699999999995,"children":null},"RequestDecision":{"count":70868,"self":0.1278967,"total":0.49283499999999997,"children":{"AgentInfo.ToProto":{"count":70868,"self":0.1277564,"total":0.3649383,"children":{"GenerateSensorData":{"count":70868,"self":0.2371819,"total":0.2371819,"children":null}}}}}}},"DecideAction":{"count":177167,"self":184.24311039999998,"total":184.24311219999998,"children":null},"AgentAct":{"count":177167,"self":0.207228,"total":0.2082289,"children":{"AgentInfo.ToProto":{"count":358,"self":0,"total":0.0010008999999999999,"children":{"GenerateSensorData":{"count":358,"self":0.0010008999999999999,"total":0.0010008999999999999,"children":null}}}}},"AgentInfo.ToProto":{"count":696,"self":0.0030153,"total":0.0075222,"children":{"GenerateSensorData":{"count":696,"self":0.0045068999999999994,"total":0.0045068999999999994,"children":null}}}},"gauges":{"MoveToGoal.CumulativeReward":{"count":1054,"max":1,"min":-2,"runningAverage":-0.65464884,"value":0,"weightedAverage":-0.0587343536}},"metadata":{"timer_format_version":"0.1.0","start_time_seconds":"1777152559","unity_version":"6000.3.5f2","command_line_arguments":"C:\\Program Files\\Unity\\Hub\\Editor\\6000.3.5f2\\Editor\\Unity.exe -projectpath C:\\Unity Projects\\Outlaw Horizon -acceptSoftwareTermsForThisRunOnly -useHub -hubIPC -cloudEnvironment production","communication_protocol_version":"1.5.0","com.unity.ml-agents_version":"4.0.3","scene_name":"Level 1","end_time_seconds":"1777152865"}}