{
    "name": "root",
    "gauges": {
        "MoveToGoal.Policy.Entropy.mean": {
            "value": -1.48991858959198,
            "min": -1.48991858959198,
            "max": 1.7557581663131714,
            "count": 50
        },
        "MoveToGoal.Policy.Entropy.sum": {
            "value": -14928.984375,
            "min": -14928.984375,
            "max": 17761.25,
            "count": 50
        },
        "MoveToGoal.Step.mean": {
            "value": 499964.0,
            "min": 9988.0,
            "max": 499964.0,
            "count": 50
        },
        "MoveToGoal.Step.sum": {
            "value": 499964.0,
            "min": 9988.0,
            "max": 499964.0,
            "count": 50
        },
        "MoveToGoal.Policy.ExtrinsicValueEstimate.mean": {
            "value": 0.5103781819343567,
            "min": -0.2845437526702881,
            "max": 0.6187106370925903,
            "count": 50
        },
        "MoveToGoal.Policy.ExtrinsicValueEstimate.sum": {
            "value": 115.85585021972656,
            "min": -56.90875244140625,
            "max": 143.54086303710938,
            "count": 50
        },
        "MoveToGoal.Policy.GailValueEstimate.mean": {
            "value": 7.542060852050781,
            "min": 7.347378730773926,
            "max": 21.558631896972656,
            "count": 50
        },
        "MoveToGoal.Policy.GailValueEstimate.sum": {
            "value": 1712.0478515625,
            "min": 1654.1778564453125,
            "max": 4311.7265625,
            "count": 50
        },
        "MoveToGoal.Environment.EpisodeLength.mean": {
            "value": 72.53284671532846,
            "min": 64.67549668874172,
            "max": 128.38666666666666,
            "count": 50
        },
        "MoveToGoal.Environment.EpisodeLength.sum": {
            "value": 9937.0,
            "min": 9400.0,
            "max": 10314.0,
            "count": 50
        },
        "MoveToGoal.Environment.CumulativeReward.mean": {
            "value": 0.48578258916951605,
            "min": -0.6479189494574392,
            "max": 0.6191456757041792,
            "count": 50
        },
        "MoveToGoal.Environment.CumulativeReward.sum": {
            "value": 67.03799730539322,
            "min": -47.9460022598505,
            "max": 93.49099703133106,
            "count": 50
        },
        "MoveToGoal.Policy.ExtrinsicReward.mean": {
            "value": 0.48578258916951605,
            "min": -0.6479189494574392,
            "max": 0.6191456757041792,
            "count": 50
        },
        "MoveToGoal.Policy.ExtrinsicReward.sum": {
            "value": 67.03799730539322,
            "min": -47.9460022598505,
            "max": 93.49099703133106,
            "count": 50
        },
        "MoveToGoal.Policy.GailReward.mean": {
            "value": 18.71853985680618,
            "min": 18.01678193535581,
            "max": 45.02170852752956,
            "count": 50
        },
        "MoveToGoal.Policy.GailReward.sum": {
            "value": 2583.158500239253,
            "min": 2583.158500239253,
            "max": 3331.6064310371876,
            "count": 50
        },
        "MoveToGoal.Losses.PolicyLoss.mean": {
            "value": 0.09698910899863525,
            "min": 0.09181227316177379,
            "max": 0.10570199547588952,
            "count": 50
        },
        "MoveToGoal.Losses.PolicyLoss.sum": {
            "value": 0.48494554499317627,
            "min": 0.36724909264709515,
            "max": 0.5285099773794476,
            "count": 50
        },
        "MoveToGoal.Losses.ValueLoss.mean": {
            "value": 3.033885005985697,
            "min": 1.4675447863837083,
            "max": 9.708989377319813,
            "count": 50
        },
        "MoveToGoal.Losses.ValueLoss.sum": {
            "value": 15.169425029928485,
            "min": 6.400805161024133,
            "max": 48.544946886599064,
            "count": 50
        },
        "MoveToGoal.Policy.LearningRate.mean": {
            "value": 3.141818952760001e-06,
            "min": 3.141818952760001e-06,
            "max": 0.00029685930104690004,
            "count": 50
        },
        "MoveToGoal.Policy.LearningRate.sum": {
            "value": 1.5709094763800006e-05,
            "min": 1.5709094763800006e-05,
            "max": 0.0014559390146869997,
            "count": 50
        },
        "MoveToGoal.Policy.Epsilon.mean": {
            "value": 0.10104724000000001,
            "min": 0.10104724000000001,
            "max": 0.19895310000000005,
            "count": 50
        },
        "MoveToGoal.Policy.Epsilon.sum": {
            "value": 0.5052362,
            "min": 0.41989779999999993,
            "max": 0.985313,
            "count": 50
        },
        "MoveToGoal.Policy.Beta.mean": {
            "value": 0.0005000000000000001,
            "min": 0.0005000000000000001,
            "max": 0.0005000000000000001,
            "count": 50
        },
        "MoveToGoal.Policy.Beta.sum": {
            "value": 0.0025000000000000005,
            "min": 0.0020000000000000005,
            "max": 0.0025000000000000005,
            "count": 50
        },
        "MoveToGoal.Policy.GAILPolicyEstimate.mean": {
            "value": 0.34071921284000073,
            "min": 0.3111518423675061,
            "max": 0.42577314260415733,
            "count": 50
        },
        "MoveToGoal.Policy.GAILPolicyEstimate.sum": {
            "value": 1.7035960642000036,
            "min": 1.4204132438947756,
            "max": 2.1223573880270123,
            "count": 50
        },
        "MoveToGoal.Policy.GAILExpertEstimate.mean": {
            "value": 0.6620442407826583,
            "min": 0.5553057488054037,
            "max": 0.6712405785654831,
            "count": 50
        },
        "MoveToGoal.Policy.GAILExpertEstimate.sum": {
            "value": 3.3102212039132914,
            "min": 2.229885974786047,
            "max": 3.3562028928274157,
            "count": 50
        },
        "MoveToGoal.Losses.GAILLoss.mean": {
            "value": 0.92618029974401,
            "min": 0.8734636853100977,
            "max": 1.1958615283171334,
            "count": 50
        },
        "MoveToGoal.Losses.GAILLoss.sum": {
            "value": 4.63090149872005,
            "min": 3.8925738496085005,
            "max": 5.979307641585668,
            "count": 50
        },
        "MoveToGoal.Policy.GAILGradMagLoss.mean": {
            "value": 0.04593801088631153,
            "min": 0.02457029719913738,
            "max": 1.582189767780102,
            "count": 50
        },
        "MoveToGoal.Policy.GAILGradMagLoss.sum": {
            "value": 0.22969005443155766,
            "min": 0.09828118879654953,
            "max": 6.328759071120408,
            "count": 50
        },
        "MoveToGoal.Losses.PretrainingLoss.mean": {
            "value": 0.030409452922780206,
            "min": 0.030409452922780206,
            "max": 1.5183440220576745,
            "count": 50
        },
        "MoveToGoal.Losses.PretrainingLoss.sum": {
            "value": 0.15204726461390103,
            "min": 0.13214293006738578,
            "max": 6.073376088230698,
            "count": 50
        },
        "MoveToGoal.IsTraining.mean": {
            "value": 1.0,
            "min": 1.0,
            "max": 1.0,
            "count": 50
        },
        "MoveToGoal.IsTraining.sum": {
            "value": 1.0,
            "min": 1.0,
            "max": 1.0,
            "count": 50
        }
    },
    "metadata": {
        "timer_format_version": "0.1.0",
        "start_time_seconds": "1779572047",
        "python_version": "3.10.11 (tags/v3.10.11:7d4cc5a, Apr  5 2023, 00:38:17) [MSC v.1929 64 bit (AMD64)]",
        "command_line_arguments": "C:\\Unity Projects\\Outlaw Horizon\\venv\\Scripts\\mlagents-learn config/MoveToGoal.yaml --run-id=MoveAgent_24_05",
        "mlagents_version": "1.1.0",
        "mlagents_envs_version": "1.1.0",