{
    "name": "root",
    "gauges": {
        "MoveToGoal.Policy.Entropy.mean": {
            "value": 0.29349493980407715,
            "min": 0.29349493980407715,
            "max": 1.7069040536880493,
            "count": 18
        },
        "MoveToGoal.Policy.Entropy.sum": {
            "value": 2932.014404296875,
            "min": 2932.014404296875,
            "max": 17161.212890625,
            "count": 18
        },
        "MoveToGoal.Environment.EpisodeLength.mean": {
            "value": 82.43333333333334,
            "min": 69.55944055944056,
            "max": 141.91304347826087,
            "count": 18
        },
        "MoveToGoal.Environment.EpisodeLength.sum": {
            "value": 9892.0,
            "min": 9623.0,
            "max": 10115.0,
            "count": 18
        },
        "MoveToGoal.Step.mean": {
            "value": 179967.0,
            "min": 9989.0,
            "max": 179967.0,
            "count": 18
        },
        "MoveToGoal.Step.sum": {
            "value": 179967.0,
            "min": 9989.0,
            "max": 179967.0,
            "count": 18
        },
        "MoveToGoal.Policy.ExtrinsicValueEstimate.mean": {
            "value": 0.609078586101532,
            "min": -0.10572540760040283,
            "max": 0.7694743871688843,
            "count": 18
        },
        "MoveToGoal.Policy.ExtrinsicValueEstimate.sum": {
            "value": 129.73373413085938,
            "min": -19.87637710571289,
            "max": 167.74542236328125,
            "count": 18
        },
        "MoveToGoal.Policy.GailValueEstimate.mean": {
            "value": 10.63938045501709,
            "min": 9.945633888244629,
            "max": 20.847923278808594,
            "count": 18
        },
        "MoveToGoal.Policy.GailValueEstimate.sum": {
            "value": 2266.18798828125,
            "min": 2093.252197265625,
            "max": 4086.19287109375,
            "count": 18
        },
        "MoveToGoal.Environment.CumulativeReward.mean": {
            "value": 0.8890904880594462,
            "min": -0.5596518985306224,
            "max": 1.0398188272845887,
            "count": 18
        },
        "MoveToGoal.Environment.CumulativeReward.sum": {
            "value": 106.69085856713355,
            "min": -38.61598099861294,
            "max": 146.16092960722744,
            "count": 18
        },
        "MoveToGoal.Policy.ExtrinsicReward.mean": {
            "value": 0.8890904880594462,
            "min": -0.5596518985306224,
            "max": 1.0398188272845887,
            "count": 18
        },
        "MoveToGoal.Policy.ExtrinsicReward.sum": {
            "value": 106.69085856713355,
            "min": -38.61598099861294,
            "max": 146.16092960722744,
            "count": 18
        },
        "MoveToGoal.Policy.GailReward.mean": {
            "value": 26.921872849094992,
            "min": 23.668568429350852,
            "max": 53.730300611343935,
            "count": 18
        },
        "MoveToGoal.Policy.GailReward.sum": {
            "value": 3230.624741891399,
            "min": 3121.2733793258667,
            "max": 3707.3907421827316,
            "count": 18
        },
        "MoveToGoal.Losses.PolicyLoss.mean": {
            "value": 0.09826823167025699,
            "min": 0.09083731278384827,
            "max": 0.1044943017022888,
            "count": 18
        },
        "MoveToGoal.Losses.PolicyLoss.sum": {
            "value": 0.49134115835128495,
            "min": 0.36661794244628254,
            "max": 0.522471508511444,
            "count": 18
        },
        "MoveToGoal.Losses.ValueLoss.mean": {
            "value": 2.822603982190291,
            "min": 2.4377872864405314,
            "max": 13.531111943225065,
            "count": 18
        },
        "MoveToGoal.Losses.ValueLoss.sum": {
            "value": 14.113019910951454,
            "min": 10.674530614788335,
            "max": 56.13093587259452,
            "count": 18
        },
        "MoveToGoal.Policy.LearningRate.mean": {
            "value": 0.00019515639494788002,
            "min": 0.00019515639494788002,
            "max": 0.0002969022010326,
            "count": 18
        },
        "MoveToGoal.Policy.LearningRate.sum": {
            "value": 0.0009757819747394001,
            "min": 0.0008280883239706001,
            "max": 0.001456569014477,
            "count": 18
        },
        "MoveToGoal.Policy.Epsilon.mean": {
            "value": 0.16505212,
            "min": 0.16505212,
            "max": 0.19896740000000002,
            "count": 18
        },
        "MoveToGoal.Policy.Epsilon.sum": {
            "value": 0.8252606,
            "min": 0.6760294,
            "max": 0.9855230000000001,
            "count": 18
        },
        "MoveToGoal.Policy.Beta.mean": {
            "value": 0.0005000000000000001,
            "min": 0.0005000000000000001,
            "max": 0.0005000000000000001,
            "count": 18
        },
        "MoveToGoal.Policy.Beta.sum": {
            "value": 0.0025000000000000005,
            "min": 0.0020000000000000005,
            "max": 0.0025000000000000005,
            "count": 18
        },
        "MoveToGoal.Policy.GAILPolicyEstimate.mean": {
            "value": 0.4181928105652332,
            "min": 0.40966455607364577,
            "max": 0.4570768602192402,
            "count": 18
        },
        "MoveToGoal.Policy.GAILPolicyEstimate.sum": {
            "value": 2.090964052826166,
            "min": 1.6544858479561906,
            "max": 2.285384301096201,
            "count": 18
        },
        "MoveToGoal.Policy.GAILExpertEstimate.mean": {
            "value": 0.5851816391572358,
            "min": 0.5425063132788196,
            "max": 0.5851816391572358,
            "count": 18
        },
        "MoveToGoal.Policy.GAILExpertEstimate.sum": {
            "value": 2.9259081957861786,
            "min": 2.179282022640109,
            "max": 2.9259081957861786,
            "count": 18
        },
        "MoveToGoal.Losses.GAILLoss.mean": {
            "value": 1.1438575990498068,
            "min": 1.129283486927549,
            "max": 1.2597886331379413,
            "count": 18
        },
        "MoveToGoal.Losses.GAILLoss.sum": {
            "value": 5.719287995249034,
            "min": 4.671678768470883,
            "max": 6.298943165689707,
            "count": 18
        },
        "MoveToGoal.Policy.GAILGradMagLoss.mean": {
            "value": 0.037274119106587025,
            "min": 0.023064615533561057,
            "max": 1.564134036831092,
            "count": 18
        },
        "MoveToGoal.Policy.GAILGradMagLoss.sum": {
            "value": 0.1863705955329351,
            "min": 0.09225846213424423,
            "max": 6.256536147324368,
            "count": 18
        },
        "MoveToGoal.Losses.PretrainingLoss.mean": {
            "value": 0.20623028620525644,
            "min": 0.20623028620525644,
            "max": 1.4821145073683175,
            "count": 18
        },
        "MoveToGoal.Losses.PretrainingLoss.sum": {
            "value": 1.0311514310262822,
            "min": 0.9602078112463157,
            "max": 5.92845802947327,
            "count": 18
        },
        "MoveToGoal.IsTraining.mean": {
            "value": 1.0,
            "min": 1.0,
            "max": 1.0,
            "count": 18
        },
        "MoveToGoal.IsTraining.sum": {
            "value": 1.0,
            "min": 1.0,
            "max": 1.0,
            "count": 18
        }
    },
    "metadata": {
        "timer_format_version": "0.1.0",
        "start_time_seconds": "1779569940",
        "python_version": "3.10.11 (tags/v3.10.11:7d4cc5a, Apr  5 2023, 00:38:17) [MSC v.1929 64 bit (AMD64)]",
        "command_line_arguments": "C:\\Unity Projects\\Outlaw Horizon\\venv\\Scripts\\mlagents-learn config/MoveToGoal.yaml --run-id=MoveAgent_23_05",
        "mlagents_version": "1.1.0",
        "mlagents_envs_version": "1.1.0",